{
  "hash": "9eeefb4b",
  "configHash": "bd184b61",
  "lockfileHash": "90ac8c0c",
  "browserHash": "b79ab294",
  "optimized": {
    "@angular/common": {
      "src": "../../../../../node_modules/@angular/common/fesm2022/common.mjs",
      "file": "@angular_common.js",
      "fileHash": "6af01c2e",
      "needsInterop": false
    },
    "@angular/common/http": {
      "src": "../../../../../node_modules/@angular/common/fesm2022/http.mjs",
      "file": "@angular_common_http.js",
      "fileHash": "4bc2bf78",
      "needsInterop": false
    },
    "@angular/core": {
      "src": "../../../../../node_modules/@angular/core/fesm2022/core.mjs",
      "file": "@angular_core.js",
      "fileHash": "8f2d26f3",
      "needsInterop": false
    },
    "@angular/platform-browser": {
      "src": "../../../../../node_modules/@angular/platform-browser/fesm2022/platform-browser.mjs",
      "file": "@angular_platform-browser.js",
      "fileHash": "381a7526",
      "needsInterop": false
    },
    "@angular/platform-server": {
      "src": "../../../../../node_modules/@angular/platform-server/fesm2022/platform-server.mjs",
      "file": "@angular_platform-server.js",
      "fileHash": "efb0d488",
      "needsInterop": false
    },
    "@angular/router": {
      "src": "../../../../../node_modules/@angular/router/fesm2022/router.mjs",
      "file": "@angular_router.js",
      "fileHash": "bd126baa",
      "needsInterop": false
    },
    "angular-datatables": {
      "src": "../../../../../node_modules/angular-datatables/fesm2022/angular-datatables.mjs",
      "file": "angular-datatables.js",
      "fileHash": "9a7d398e",
      "needsInterop": false
    },
    "jqwidgets-ng/jqxchart": {
      "src": "../../../../../node_modules/jqwidgets-ng/fesm2020/jqwidgets-ng-jqxchart.mjs",
      "file": "jqwidgets-ng_jqxchart.js",
      "fileHash": "98a6f79e",
      "needsInterop": false
    },
    "rxjs": {
      "src": "../../../../../node_modules/rxjs/dist/cjs/index.js",
      "file": "rxjs.js",
      "fileHash": "244f5dcd",
      "needsInterop": true
    }
  },
  "chunks": {
    "xhr2-AQ42KH57": {
      "file": "xhr2-AQ42KH57.js"
    },
    "chunk-HK22ASTQ": {
      "file": "chunk-HK22ASTQ.js"
    },
    "chunk-YKUGFTPH": {
      "file": "chunk-YKUGFTPH.js"
    },
    "chunk-M26M6KQO": {
      "file": "chunk-M26M6KQO.js"
    },
    "chunk-DH64UGMO": {
      "file": "chunk-DH64UGMO.js"
    },
    "chunk-VDZEJD3D": {
      "file": "chunk-VDZEJD3D.js"
    },
    "chunk-NQ4HTGF6": {
      "file": "chunk-NQ4HTGF6.js"
    }
  }
}