{
  "hash": "75737d75",
  "configHash": "68b2f736",
  "lockfileHash": "90ac8c0c",
  "browserHash": "77fd72a4",
  "optimized": {
    "@angular/common": {
      "src": "../../../../../node_modules/@angular/common/fesm2022/common.mjs",
      "file": "@angular_common.js",
      "fileHash": "859e3818",
      "needsInterop": false
    },
    "@angular/common/http": {
      "src": "../../../../../node_modules/@angular/common/fesm2022/http.mjs",
      "file": "@angular_common_http.js",
      "fileHash": "0b0da0a9",
      "needsInterop": false
    },
    "@angular/core": {
      "src": "../../../../../node_modules/@angular/core/fesm2022/core.mjs",
      "file": "@angular_core.js",
      "fileHash": "18adc20f",
      "needsInterop": false
    },
    "@angular/platform-browser": {
      "src": "../../../../../node_modules/@angular/platform-browser/fesm2022/platform-browser.mjs",
      "file": "@angular_platform-browser.js",
      "fileHash": "b8108414",
      "needsInterop": false
    },
    "@angular/router": {
      "src": "../../../../../node_modules/@angular/router/fesm2022/router.mjs",
      "file": "@angular_router.js",
      "fileHash": "0e75f769",
      "needsInterop": false
    },
    "angular-datatables": {
      "src": "../../../../../node_modules/angular-datatables/fesm2022/angular-datatables.mjs",
      "file": "angular-datatables.js",
      "fileHash": "a4f61eb6",
      "needsInterop": false
    },
    "jqwidgets-ng/jqxchart": {
      "src": "../../../../../node_modules/jqwidgets-ng/fesm2020/jqwidgets-ng-jqxchart.mjs",
      "file": "jqwidgets-ng_jqxchart.js",
      "fileHash": "cef6b43e",
      "needsInterop": false
    },
    "rxjs": {
      "src": "../../../../../node_modules/rxjs/dist/esm5/index.js",
      "file": "rxjs.js",
      "fileHash": "c8b68767",
      "needsInterop": false
    }
  },
  "chunks": {
    "chunk-DS2V727M": {
      "file": "chunk-DS2V727M.js"
    },
    "chunk-6DSNYIH4": {
      "file": "chunk-6DSNYIH4.js"
    },
    "chunk-3GXVZPYI": {
      "file": "chunk-3GXVZPYI.js"
    },
    "chunk-VZD2ANCY": {
      "file": "chunk-VZD2ANCY.js"
    },
    "chunk-2CVCC5YH": {
      "file": "chunk-2CVCC5YH.js"
    }
  }
}